id,identityNo,fullName,email,phone,createDate
1,360659848,Shanta McQuode,smcquode0@bandcamp.com,988-643-6041,13/09/2016
2,465840958,Elenore Quipp,equipp1@merriam-webster.com,140-759-1682,16/11/2011
3,631033758,Alford Kember,akember2@unc.edu,673-696-4060,09/05/2016
4,666645857,Lynea Barzen,lbarzen3@oaic.gov.au,736-809-7522,15/01/2018
5,307660683,Maryjo Bettley,mbettley4@ed.gov,251-219-2470,16/04/2015
6,617404549,Carleton Caldera,ccaldera5@digg.com,796-604-9173,06/10/2012
7,823153891,Donnajean Gabler,dgabler6@123-reg.co.uk,848-374-9738,30/11/2018
8,728383195,Solomon Cromleholme,scromleholme7@g.co,773-226-3537,13/10/2016
9,478072782,Ricky Drever,rdrever8@cnn.com,489-390-4645,23/12/2012
10,345570945,Udell Pury,upury9@feedburner.com,297-184-1519,29/04/2018
11,589314524,Rosetta Agdahl,ragdahla@examiner.com,174-700-7652,23/05/2016
12,782797012,Sanson Kingwell,skingwellb@nationalgeographic.com,503-343-8533,21/08/2014
13,891781173,Brew Covill,bcovillc@acquirethisname.com,272-770-8155,06/04/2016
14,920024284,Darell Foskett,dfoskettd@shutterfly.com,594-353-2500,27/10/2019
15,414565996,Jody Peever,jpeevere@phpbb.com,763-155-9006,15/04/2011
16,372100819,Kelcey Jilkes,kjilkesf@nytimes.com,210-583-1641,08/08/2013
17,994087002,Annora Bircher,abircherg@linkedin.com,975-209-9727,01/05/2017
18,568568176,Davine Coudray,dcoudrayh@msn.com,429-745-3140,25/05/2011
19,904953604,Kerrill Mazdon,kmazdoni@blogtalkradio.com,839-471-7153,09/07/2017
20,301305132,Antoni Waycott,awaycottj@statcounter.com,812-938-9060,09/01/2018
